Enhtal,engage wireless vortals,rswarbrick0,64.214
Gao’an,transform viral web services,gmeasey1,96.589
Lorena,reinvent strategic infomediaries,tbirkby2,29.077
Darband,iterate back-end platforms,jclassen3,48.015
Louveira,drive 24/365 models,mmacfarlane4,19.924
Saratamata,scale turn-key deliverables,bledner5,56.501
Yarumela,synthesize synergistic models,kdomenichelli6,56.745
Osielec,reintermediate B2B communities,ddrayton7,25.82
Älvsbyn,facilitate collaborative functionalities,cblazynski8,75.6
Italó,implement B2B channels,alipmann9,53.552
Ciparay,enhance back-end interfaces,hhaldina,17.231
Awka,cultivate back-end bandwidth,kpessoltb,36.588
San Felipe,productize wireless users,rventonc,26.04
Trogan Barat,recontextualize next-generation platforms,ldommettd,7.98
Mārupe,generate visionary applications,tkyttore,60.748
Shibushi,maximize cutting-edge networks,drickerdf,75.172
Sampacho,enhance seamless platforms,ypetrovicg,97.434
Yangsa,benchmark magnetic action-items,vdickersonh,28.872
Barqueiro,strategize next-generation content,lhowlei,76.365
Nyima,deliver B2C synergies,nhannonj,93.895
Pulau Pinang,aggregate innovative e-markets,bgillmorek,29.942
Adrasmon,transition vertical networks,kbrookwelll,95.174
Krotoszyn,strategize web-enabled solutions,ashipwaym,91.465
Ust’-Dzheguta,maximize vertical mindshare,ispottiswoodn,91.725
Maralal,reintermediate dot-com schemas,drundleo,43.505
Albania,incubate B2C partnerships,ggluyusp,67.323
Frankfurt am Main,morph customized interfaces,rbendelowq,49.448
K’olīto,implement impactful platforms,fsimmsr,4.656
Pescadería,scale seamless methodologies,rbirwhistles,62.066
San Miguel de Tucumán,envisioneer plug-and-play systems,sheinsiust,16.193
Ciudad Sandino,unleash killer users,tnotheru,79.523
Waitakere,utilize magnetic mindshare,hbaverstockv,77.535
Srinagarindra,evolve global bandwidth,dmulcasterw,85.944
Kavajë,syndicate 24/365 partnerships,frydex,14.372
Port Loko,innovate enterprise functionalities,mrubeey,33.645
Sterlibashevo,monetize ubiquitous platforms,gbirtsz,61.583
Benito Juarez,recontextualize transparent action-items,omitchelmore10,80.66
Ubatuba,evolve intuitive architectures,rprangnell11,74.243
San Vicente,innovate sticky web-readiness,gmilburne12,68.568
Sloboda,streamline cross-platform applications,vtrinke13,83.113
Mas‘adah,engineer magnetic action-items,mdyter14,9.573
Fleury-les-Aubrais,deliver out-of-the-box action-items,bakker15,92.831
Ipatinga,scale impactful web services,dhensmans16,62.185
Bilao,reinvent customized technologies,aiceton17,69.692
Ognevka,transform bricks-and-clicks web-readiness,lstolberger18,27.962
La Mohammedia,reintermediate synergistic vortals,saxcell19,64.197
Shengping,visualize magnetic portals,jsavile1a,96.64
Xinxiang,empower robust e-business,mstormonth1b,28.459
Handan,revolutionize user-centric models,faltofts1c,9.503
Ernestinovo,expedite killer metrics,ljecock1d,19.95
Liquica,deliver turn-key synergies,tfernando1e,33.811
Idhnā,mesh customized eyeballs,rschall1f,50.386
Lianhe,benchmark visionary niches,dmutton1g,44.796
Xiapu,brand wireless channels,vpetegre1h,33.905
Pital,incubate world-class e-markets,colivera1i,18.929
Zhize,generate compelling relationships,sbilham1j,51.127
Tsaghkaber,unleash real-time e-business,cbolesworth1k,77.031
Sinanju,strategize viral communities,glegier1l,24.658
Pásion,target revolutionary action-items,jdeath1m,98.833
Nanjia,repurpose bricks-and-clicks partnerships,cpolotti1n,10.736
Al Qamşīyah,architect synergistic ROI,zkonneke1o,58.631
Natarleba,enhance real-time platforms,rwaterstone1p,28.389
Şaḩneh,synthesize integrated partnerships,ldearing1q,85.233
Vidin,deploy front-end platforms,rfake1r,62.768
Sundsvall,reintermediate 24/7 relationships,gwensley1s,51.304
Kobylí,mesh proactive synergies,lhynard1t,46.322
Ivanovo-Alekseyevka,transform customized supply-chains,raleksahkin1u,25.163
Semenivka,harness global technologies,dhowbrook1v,53.953
Biggar,iterate bricks-and-clicks synergies,oantonignetti1w,90.059
Baolong,envisioneer plug-and-play solutions,kepton1x,83.244
Molteno,mesh mission-critical infrastructures,nsidary1y,90.207
Kupusina,maximize innovative partnerships,pgleave1z,98.534
Örnsköldsvik,extend impactful content,fharkin20,96.35
Não Me Toque,harness bricks-and-clicks experiences,jbaum21,18.072
Ubay,seize plug-and-play paradigms,sskillman22,8.446
Taganrog,optimize customized initiatives,jlarcier23,81.248
Lincuo,incubate innovative users,wlindop24,32.23
Rokytne,unleash efficient infrastructures,mstorton25,84.287
Níkaia,optimize out-of-the-box experiences,ldantonio26,71.846
Qingxi,e-enable e-business networks,kgerrell27,64.779
Kilju,unleash rich users,rlenney28,40.567
Ponyri Vtoryye,deploy next-generation markets,ptweede29,67.762
Santo Tomas,exploit enterprise architectures,oswateridge2a,28.604
Santa Cruz del Quiché,evolve strategic users,jsteven2b,62.814
Kramators’k,unleash compelling ROI,djeavons2c,77.815
Mirriah,drive dynamic platforms,wrussel2d,97.973
Longwu,strategize sexy solutions,rokill2e,88.295
Postřelmov,maximize visionary interfaces,cborsi2f,58.465
Clonskeagh,maximize value-added interfaces,jradford2g,17.73
Tetaf,streamline rich metrics,sevensden2h,78.038
Huertas,scale scalable functionalities,elarn2i,78.379
Tonggu,synthesize dynamic applications,mdooher2j,34.715
Tromsø,transform viral niches,twillets2k,58.134
Linxia Chengguanzhen,repurpose one-to-one e-tailers,hsywell2l,53.971
Mozdok,maximize efficient networks,islatcher2m,73.445
Ryazan’,brand cutting-edge deliverables,ualesbrook2n,99.198
Noemuti,productize best-of-breed deliverables,yjuza2o,4.487
Vale,leverage visionary networks,emccaffery2p,33.202
Luojiaping,synergize visionary models,bpeake2q,49.186
Vanadzor,transition dot-com ROI,bfancett2r,83.757
Zeya,architect 24/7 technologies,wwagnerin2s,70.22
La Cruz,e-enable intuitive bandwidth,hespino2t,38.835
Grand Rapids,evolve innovative paradigms,atassell2u,42.367
Santander,exploit ubiquitous ROI,cleyban2v,10.048
Gävle,syndicate frictionless schemas,kvick2w,69.571
Áno Kalentíni,evolve granular supply-chains,ifairleigh2x,81.865
Longfeng,harness front-end technologies,mcurgenuer2y,66.648
Maswarah,enable real-time solutions,llanning2z,92.376
Zubrzyca Dolna,reintermediate best-of-breed architectures,pdenisyev30,11.449
San Isidro,leverage leading-edge vortals,cgrindle31,99.065
Shepetivka,reintermediate integrated communities,tsydenham32,28.555
Shimoda,incubate ubiquitous schemas,mdenacamp33,69.64
Pinggan,benchmark frictionless relationships,nmeegin34,57.354
Colmeal,incubate robust vortals,sorgen35,50.629
Ormož,drive virtual e-services,ecausey36,32.099
Rafaï,maximize e-business platforms,swooler37,45.871
Khānaqāh,strategize integrated markets,fkalb38,66.399
Smołdzino,mesh 24/7 deliverables,sgoodacre39,82.745
Hastings,redefine B2C portals,aince3a,99.246
Gonzalo,transform next-generation models,fheinreich3b,71.847
Pichilemu,enhance B2B e-business,gmacveigh3c,38.264
Kenamoen,streamline sexy mindshare,zmeaney3d,43.299
Fangtian,facilitate robust architectures,mphinnis3e,61.307
Itapecuru Mirim,deliver viral supply-chains,lfeldberger3f,40.707
Boac,productize compelling bandwidth,mgarioch3g,30.476
Tonshayevo,aggregate collaborative platforms,cvedishchev3h,65.513
Aianí,incubate 24/7 systems,ballworthy3i,57.474
Góra Kalwaria,seize holistic mindshare,eboosey3j,83.21
Vynohradivka,syndicate integrated applications,mfilintsev3k,27.622
Bonanza,harness turn-key partnerships,rstrutton3l,56.197
Yanhu,cultivate open-source applications,brubinfeld3m,46.078
Szprotawa,visualize extensible relationships,mpankethman3n,32.29
Perstorp,cultivate out-of-the-box interfaces,gstiling3o,91.697
Nanggorak,innovate enterprise networks,lpriver3p,32.291
Palmdale,mesh web-enabled e-commerce,lleifer3q,48.392
Mirsíni,enhance intuitive portals,ebamling3r,42.115
San Alejandro,brand virtual initiatives,dvinas3s,32.907
Gampang,drive interactive action-items,ajoselin3t,47.214
Patalan,streamline vertical infomediaries,chalford3u,67.028
Jindayris,aggregate virtual deliverables,bdomenge3v,66.706
Cinyawar,incentivize open-source interfaces,jcourtman3w,45.755
Bangbayang Kaler,strategize synergistic ROI,zferruzzi3x,12.0
Firenze,incubate killer convergence,afilippone3y,10.747
Huifa,iterate distributed supply-chains,condracek3z,92.67
San Pedro de Ycuamandiyú,target ubiquitous convergence,mbromidge40,10.24
Malanje,harness extensible models,priddler41,67.943
Guyancourt,brand best-of-breed e-commerce,ctrahear42,32.51
Itatinga,incentivize extensible methodologies,cgerner43,32.982
Getulio,innovate strategic partnerships,wkilkenny44,19.925
Pasirbitung,harness viral convergence,pkindell45,97.649
West End,grow B2B mindshare,mjuste46,57.474
Sirnasari,productize cutting-edge models,eobal47,58.108
Santa Ana,exploit real-time partnerships,dessery48,88.837
Song,deploy clicks-and-mortar e-commerce,ahunnawill49,62.303
Abuyog,reintermediate web-enabled convergence,wshord4a,1.962
Angoulême,visualize synergistic supply-chains,sluety4b,37.075
Huazhou,reinvent B2C ROI,obiasi4c,29.518
Semuda,integrate visionary bandwidth,dcramond4d,44.164
Pho Duc,implement killer web services,akulicke4e,23.998
Šmartno pri Litiji,harness collaborative infrastructures,psproston4f,34.426
Horad Barysaw,revolutionize web-enabled interfaces,agoschalk4g,99.004
Hargeysa,evolve real-time infrastructures,afelderer4h,31.001
Hankasalmi,evolve e-business technologies,jallsebrook4i,36.287
Da’an,transition integrated e-commerce,cosselton4j,94.225
Tha Luang,visualize holistic e-markets,mtisun4k,60.208
Berkovitsa,grow out-of-the-box solutions,lkisting4l,69.97
Pathum Ratchawongsa,grow magnetic web-readiness,asetford4m,6.312
Daoxu,repurpose web-enabled web services,mraun4n,42.214
Bicurga,visualize customized methodologies,rshillington4o,31.395
Malahide,innovate robust web-readiness,sgarnul4p,88.833
Casal,transform cutting-edge content,mrenzini4q,82.921
Mobara,incentivize rich content,cdigiacomo4r,29.89
Söderköping,optimize rich applications,bmerrigan4s,81.098
Monte de Trigo,enhance proactive experiences,mlockney4t,13.982
Dahua,scale customized content,lkeightley4u,4.028
Chão,generate transparent web services,bberends4v,39.437
Chuangye,mesh sticky architectures,wmessenbird4w,61.078
Capâo Bonito,deliver interactive web-readiness,llevane4x,1.052
San Miguel,seize cutting-edge experiences,dweyman4y,22.436
Andkhōy,integrate distributed markets,lameerbeg4z,9.444
Maisons-Laffitte,scale open-source niches,abeckley50,30.451
Besançon,iterate transparent e-markets,sfuggles51,88.584
Denver,recontextualize robust content,cfortesquieu52,70.025
Phanom Phrai,repurpose next-generation convergence,dwaghorne53,44.913
Uiasa,benchmark next-generation synergies,pbompas54,65.523
Tekeli,brand back-end synergies,fpeteri55,57.518
Isiolo,target robust bandwidth,kmaughan56,9.471
Atakpamé,unleash granular initiatives,slenormand57,4.403
Honghualiangzi,benchmark 24/365 functionalities,nwatters58,26.468
Darungan Lor,grow plug-and-play architectures,lbernadot59,44.2
Matsumoto,visualize revolutionary systems,dcorbett5a,49.846
Zijin,aggregate sexy niches,hschwandner5b,32.24
Niquelândia,implement sticky applications,rocahey5c,86.291
Balally,extend world-class technologies,cohern5d,51.642
Machagai,disintermediate leading-edge functionalities,amynett5e,84.062
Sukogunungkrajan,engineer best-of-breed paradigms,tashall5f,36.042
Braunschweig,target revolutionary e-markets,dhallawell5g,21.086
Azteca,reintermediate seamless interfaces,ctysall5h,84.931
Lavradio,empower customized deliverables,dhowson5i,47.584
Lezhu,extend enterprise deliverables,bgreated5j,13.692
Broniszewice,incubate impactful relationships,fwolfinger5k,71.72
Fengshan,synergize frictionless solutions,sserjeantson5l,8.355
Chencai,synthesize integrated markets,ljenson5m,79.135
Guangli,disintermediate transparent users,abelham5n,43.153
Kozhevnikovo,harness innovative web-readiness,gkanter5o,25.621
Falun,iterate robust solutions,mchastey5p,69.875
Mönchengladbach,repurpose compelling content,dfeary5q,49.33
Arosbaya,scale B2B action-items,dbushen5r,61.27
Huangyan,strategize holistic solutions,smacmaster5s,3.871
Leuwihalang,e-enable extensible web services,tbreeze5t,22.123
Naḥf,strategize impactful channels,mtimewell5u,42.578
Shaguotun,utilize global convergence,silden5v,12.443
Charlotte,enable ubiquitous channels,cguyon5w,10.398
Vila Maior,optimize customized schemas,cbeeston5x,58.971
Santa Ana Huista,syndicate frictionless platforms,whenriquet5y,49.604
Kampong Chhnang,mesh dynamic deliverables,zcrebo5z,11.387
Nguékhokh,benchmark transparent platforms,shambrook60,35.954
Lichtenburg,monetize customized e-services,kpetracco61,68.825
Karamat,target B2C action-items,ycaroline62,72.076
Tacna,engage dot-com e-markets,pkleisel63,21.612
Petaling Jaya,drive virtual web services,agoodreid64,32.935
Wudil,brand leading-edge applications,esimkovich65,60.762
Drawsko Pomorskie,architect e-business e-business,dmelson66,97.869
Olyka,transition back-end action-items,gmoyce67,18.256
Tumbagaan,implement real-time systems,rcoffey68,16.378
Banjar Dauhpura,reintermediate robust interfaces,ademogeot69,84.407
Miyazu,exploit innovative deliverables,jfrangleton6a,86.601
Guojia,redefine best-of-breed users,rpunshon6b,66.9
Chengshan,streamline viral communities,tlindroos6c,88.846
Denglong,harness turn-key vortals,hemney6d,91.947
Dongxi,integrate robust interfaces,pholme6e,59.785
Shahrak,redefine transparent web-readiness,aambrose6f,37.754
Shimen,strategize next-generation convergence,kwrightson6g,49.266
Vyksa,evolve front-end infrastructures,cmarxsen6h,38.49
Vitebsk,revolutionize out-of-the-box channels,malessandretti6i,47.109
Capalayan,empower visionary e-commerce,akaroly6j,36.854
Pedraza La Vieja,scale strategic niches,erounsefull6k,35.4
Novoukrayinka,enhance efficient bandwidth,bjenno6l,50.196
Largo,monetize compelling channels,ehadlee6m,36.705
Chenjiahe,synergize distributed portals,adudhill6n,8.17
Zhiryatino,grow synergistic supply-chains,hpech6o,10.68
Santa Anita,repurpose granular mindshare,emanssuer6p,80.401
Xumu,synergize proactive networks,lsherrum6q,50.396
Gýtheio,maximize revolutionary supply-chains,odrake6r,75.384
Prusice,drive B2C interfaces,galcorn6s,3.307
Maxixe,exploit rich mindshare,kaloigi6t,95.428
Luts’k,drive revolutionary networks,lgludor6u,71.565
Bené Beraq,whiteboard integrated e-services,sfritche6v,63.565
Arish,redefine magnetic infrastructures,brapaport6w,93.91
Omaha,cultivate best-of-breed synergies,wferroni6x,35.103
Lushnjë,seize killer experiences,smosedall6y,94.798
Mevo horon,redefine magnetic communities,aweatherhill6z,16.884
Stockholm,empower 24/365 technologies,lfillimore70,62.907
Kuwumkumambal,monetize real-time web-readiness,jlogsdail71,75.997
Águia Branca,morph value-added platforms,lesel72,36.219
Terawas,enhance 24/7 methodologies,rkytley73,38.822
Nam Som,mesh synergistic experiences,cvigneron74,28.541
Angoram,exploit proactive e-commerce,rolenechan75,89.606
Corinto,recontextualize e-business channels,jclouter76,25.183
Wadi Kidul,enhance e-business networks,sbrewitt77,14.847
Solţānābād,seize robust niches,cerat78,76.516
Värnamo,strategize seamless web-readiness,mkensy79,28.133
Elbasan,exploit cross-platform infrastructures,ilackinton7a,75.673
Novi Vinodolski,engage back-end e-commerce,lspurge7b,48.562
Mabunga,maximize magnetic web-readiness,skopelman7c,37.387
Guangchen,revolutionize synergistic e-tailers,bmills7d,37.173
Wonokerso,transition extensible platforms,ntomaskov7e,7.758
Getahovit,recontextualize dot-com bandwidth,cbarnsdale7f,97.282
Shakhun’ya,disintermediate end-to-end e-services,dbortolussi7g,54.3
Heitan,whiteboard sticky convergence,ghessay7h,64.733
Robīt,cultivate scalable e-business,gedgcombe7i,77.599
Chaplygin,streamline turn-key e-markets,jduberry7j,57.679
Pita,repurpose revolutionary e-commerce,thannaway7k,36.947
Peñaflor,scale cross-media relationships,llessmare7l,77.409
Kamenický Šenov,synthesize transparent infomediaries,ubatrim7m,40.451
Buliwao,implement web-enabled metrics,eullyott7n,35.815
Druju,synthesize synergistic users,aheinsius7o,13.783
Laojie,productize end-to-end architectures,jlory7p,74.038
Vysokovsk,exploit global functionalities,ihaynes7q,85.484
Malianchuan,reintermediate strategic models,ddruce7r,83.605
Lanci Satu,transform transparent bandwidth,soskehan7s,46.862
Jiaozhou,enable innovative web services,ipointin7t,41.301
Salamina,facilitate out-of-the-box e-services,pgummie7u,38.665
Nowy Dwór Gdański,integrate B2C e-tailers,igonthier7v,16.372
Hengshui,evolve virtual architectures,mgreeno7w,11.822
Tapayan,maximize integrated initiatives,mpinock7x,76.852
Tejar,iterate end-to-end e-tailers,lcreavan7y,23.501
Qingnianlu,syndicate rich networks,skeniwell7z,24.654
Oslo,extend dynamic applications,jklimontovich80,51.732
Rokytnice,revolutionize B2C schemas,sbinnie81,83.287
Mitsukaidō,brand seamless e-services,ldewey82,23.782
Hexiangqiao,seize 24/365 action-items,challatt83,87.042
Cincinnati,reintermediate sexy functionalities,mjurkiewicz84,17.252
Ramadi,whiteboard virtual networks,grudall85,85.242
Markova,transform back-end communities,dfarleigh86,75.088
Inowrocław,synergize wireless schemas,sivashev87,69.416
Cabungan,architect 24/365 methodologies,lwardlaw88,31.536
Tiarei,deploy interactive architectures,drontree89,47.408
Huaqiao,facilitate proactive infrastructures,dfanning8a,95.623
Karelichy,whiteboard dot-com functionalities,mrayer8b,44.463
Lengshuitan,repurpose compelling applications,tolenikov8c,98.053
Elliot,architect value-added convergence,ykikke8d,21.034
Bang Pahan,synthesize dot-com e-markets,vjachimczak8e,7.493
Añatuya,expedite viral relationships,cdunford8f,19.318
Binitinan,exploit ubiquitous web-readiness,ngriffitt8g,7.171
Huangmei,maximize collaborative infomediaries,tlapthorn8h,67.638
Mirsíni,morph value-added technologies,dtrice8i,2.201
Santo Amaro,expedite sticky platforms,psnary8j,70.62
Bagou,aggregate killer interfaces,jroskell8k,45.992
Yongjiu,disintermediate dynamic e-markets,vastlett8l,48.74
Camajuaní,transform proactive content,ffrankcomb8m,56.469
Mnich,streamline granular niches,flattin8n,47.21
Zelmeņi,target seamless infrastructures,rvanderplas8o,67.753
San Cristóbal,reintermediate B2C infomediaries,vcasiero8p,28.895
Portorož,extend bricks-and-clicks metrics,apere8q,56.491
Kołbiel,e-enable leading-edge metrics,gmachel8r,52.682
Petrijevci,synthesize bleeding-edge initiatives,mcorben8s,55.706
Slovenske Konjice,whiteboard user-centric supply-chains,fhoyles8t,3.423
Futu,embrace frictionless networks,krohloff8u,71.368
Shuizhai,e-enable efficient networks,wfazakerley8v,36.76
Lynchburg,strategize clicks-and-mortar mindshare,toflaverty8w,23.2
Kabukarudi,seize back-end supply-chains,mbamlett8x,69.031
Tayturka,harness dynamic e-business,vwandrach8y,52.417
Sājir,transition e-business models,kgreig8z,97.871
Ganzi,revolutionize clicks-and-mortar networks,sscurrey90,80.594
Campos Gerais,leverage leading-edge platforms,fglyde91,50.691
Lidong,empower intuitive e-commerce,eharrhy92,31.162
Progreso,optimize seamless infrastructures,sdufer93,14.945
Kertahayu,engineer B2C eyeballs,kbrunskill94,65.735
Razan,empower world-class web-readiness,nwillock95,66.906
Dashiju,deliver integrated mindshare,fpabelik96,40.855
Botou,drive leading-edge metrics,vdykins97,19.801
Vulcan,reintermediate extensible mindshare,wvallack98,64.308
Loo,whiteboard collaborative web services,sbrunroth99,89.677
Bāfq,leverage best-of-breed markets,fmcruvie9a,40.056
Bali,enable next-generation partnerships,acoverlyn9b,42.733
Taldom,unleash dynamic schemas,apouck9c,70.736
Taraz,maximize wireless deliverables,svolonte9d,22.672
Lubumbashi,strategize B2B channels,dmaginn9e,50.052
Calamba,recontextualize robust eyeballs,mwillshire9f,10.798
Kanazawa-shi,orchestrate revolutionary metrics,kdayment9g,46.733
Olivia,synthesize cutting-edge paradigms,ddonnell9h,37.775
Laiyang,grow granular architectures,kdoolan9i,37.087
Thị Trấn Việt Lâm,orchestrate bleeding-edge networks,evancassel9j,21.39
Balas,drive killer ROI,fmiddlebrook9k,48.535
Ardino,e-enable impactful systems,mfarriar9l,37.964
Morales,maximize e-business convergence,hzimmermanns9m,37.532
Debrzno,reintermediate vertical applications,tletertre9n,77.663
Kalimati,morph sticky architectures,ktrain9o,95.575
Antipolo,exploit magnetic platforms,bmacparlan9p,28.314
Hamm,reintermediate impactful action-items,kchampneys9q,36.655
Qingdao,iterate bricks-and-clicks models,ostener9r,94.757
Xiangride,extend out-of-the-box experiences,ssouthouse9s,1.177
Tilburg,incentivize frictionless niches,tdeville9t,57.418
Huddinge,expedite out-of-the-box vortals,mjaine9u,79.744
Ibagué,revolutionize virtual convergence,mbisseker9v,85.488
Arroio Grande,matrix intuitive e-commerce,wpranger9w,6.3
Phatthalung,strategize dot-com platforms,mwong9x,79.853
Moshiyi,incubate web-enabled interfaces,sabramovic9y,44.069
Cork,aggregate next-generation models,bsturdy9z,45.666
Bor,strategize ubiquitous web services,kbeisleya0,92.529
Viana do Castelo,mesh real-time networks,dcolhouna1,11.954
Ystad,transform cross-platform web-readiness,esomerfielda2,52.751
Athmuqam,engineer robust experiences,cschoffela3,35.701
Pola,iterate enterprise e-commerce,nhelina4,98.521
At Tibnī,empower dot-com methodologies,pbrissona5,90.788
Puerto La Cruz,e-enable next-generation web-readiness,nshilitoa6,50.969
Albertville,cultivate synergistic channels,fhuggilla7,49.549
Jovim,harness cross-platform supply-chains,rfoystona8,78.245
Xiaoshan,iterate real-time web-readiness,bklimkovicha9,30.397
Dungloe,syndicate customized architectures,jlegerwoodaa,43.793
Zhongfan,grow robust communities,cwebsdaleab,1.472
Zalishchyky,brand transparent experiences,pmurchac,61.863
Marseille,orchestrate strategic functionalities,akienlad,80.601
Lechinkay,repurpose one-to-one bandwidth,knollerae,30.842
Araci,enhance out-of-the-box applications,lquennellaf,72.179
Dubrovka,strategize frictionless relationships,tnorthageag,20.428
Koniaków,harness value-added niches,mcuxsonah,60.573
Fengting,benchmark robust networks,oscholteai,16.129
Sztum,architect efficient bandwidth,rlavielleaj,11.123
Panique,strategize sticky partnerships,wbacksonak,54.718
Drnje,seize B2B convergence,tguidenal,90.451
Bulri,aggregate proactive systems,jmoreingam,56.638
Myski,envisioneer front-end communities,fenderwickan,88.85
Yilkiqi,scale collaborative action-items,mdanaherao,41.637
Tomar,incentivize seamless action-items,sthalap,33.467
Gangnan,implement web-enabled portals,rrookwellaq,11.954
Guanshan,utilize sticky communities,ahummar,59.762
Bancroft,architect ubiquitous niches,sstanfieldas,49.166
Banjar Yehsatang,benchmark web-enabled interfaces,zbobaschat,27.576
Rejoyoso,optimize plug-and-play vortals,sdumphreysau,63.293
Yedogon,mesh e-business interfaces,nbuntingav,30.033
Onoda,iterate innovative supply-chains,pjaunceyaw,80.511
Pavshino,envisioneer seamless infomediaries,kcreechax,85.981
Tours,whiteboard world-class channels,aheballay,55.229
Laranganglintong,monetize transparent architectures,kkleinzweigaz,5.185
Kalety,target ubiquitous eyeballs,ssearsb0,6.139
Casal Novo,architect user-centric e-services,jlewtonb1,84.302
Tomaszów Lubelski,implement frictionless networks,hgudemanb2,80.973
Vitória do Mearim,envisioneer e-business content,dlisamoreb3,61.188
San Fabian,engineer ubiquitous networks,cbrosemanb4,82.943
Xingfu,incubate virtual convergence,tweineb5,8.643
Yuxarı Aran,leverage integrated web services,qbarrattb6,13.239
Sundsvall,extend holistic bandwidth,npinorb7,22.269
Las Garcitas,drive mission-critical e-markets,bmelluishb8,74.463
Firavitoba,innovate leading-edge models,lgouleyb9,46.033
Lidingö,strategize customized initiatives,bbrooksbankba,63.125
Aulnay-sous-Bois,redefine B2B solutions,aquinlanbb,80.986
Lerum,seize next-generation web-readiness,gvasiltsovbc,72.929
Manaoag,mesh enterprise partnerships,cciccibd,99.942
Korenëvo,grow 24/7 e-business,scastletinebe,38.624
Betio Village,reintermediate cross-platform platforms,kmoldbf,97.555
Karangsari,integrate intuitive experiences,mjasikbg,29.496
Morales,redefine one-to-one paradigms,cdumpletonbh,92.886
Dayang,empower sexy channels,cgollingbi,69.726
Guifeng,disintermediate holistic metrics,seyrlbj,62.927
Prigi,enhance killer metrics,vramalhetebk,3.372
Aoqiao,engineer dot-com infrastructures,lburhillbl,81.133
Shahr-e Qods,embrace virtual web-readiness,ymooringbm,12.037
Korotych,orchestrate ubiquitous action-items,rmacanebn,14.407
El Rosario,incentivize revolutionary web-readiness,cknivettbo,33.687
Ulster Spring,empower dynamic action-items,rkelsobp,46.445
Xiema,leverage best-of-breed metrics,kwhitwambq,20.595
Amuru,deliver mission-critical communities,hambrogettibr,63.19
Povedniki,cultivate B2C deliverables,chavelinebs,70.739
Harrisburg,exploit cross-platform paradigms,gfownesbt,15.082
Nāḩiyat Hīrān,morph cutting-edge markets,bambroisebu,31.013
Matmata,matrix synergistic supply-chains,skivelhanbv,49.411
Volokolamsk,aggregate user-centric infomediaries,mdummiganbw,79.261
Forssa,enable vertical e-business,calgerbx,6.607
Masḩah,integrate dot-com relationships,ldumbartonby,9.406
Xiaoshanzi,unleash strategic infomediaries,nboldisonbz,59.713
Borås,repurpose global platforms,wortonc0,38.407
Xiangshan,leverage synergistic niches,mzoephelc1,42.413
Montreuil,optimize ubiquitous web-readiness,emaeerc2,48.4
Timashëvsk,productize leading-edge paradigms,cpattingtonc3,76.22
Mlanggeng,synergize robust eyeballs,hradenc4,56.959
Chartres,aggregate value-added markets,kbamlettc5,41.009
Grebnevo,strategize 24/365 functionalities,mswansonc6,79.693
Cungkal,cultivate cutting-edge relationships,lmosedallc7,81.625
Melenki,innovate impactful platforms,cbernotc8,37.288
Laiponda,streamline synergistic web-readiness,abalduccic9,48.344
Phayuha Khiri,expedite extensible web services,wbridgesca,4.882
Labangka Satu,architect efficient communities,mbedenhamcb,77.103
Žďár,recontextualize enterprise content,dtornscc,24.394
Kizema,envisioneer B2C e-markets,asafecd,60.028
Addis Ababa,incubate virtual bandwidth,zworvellce,93.467
Zabrat,enable synergistic eyeballs,mnuschacf,13.998
Ouro Branco,enable plug-and-play schemas,nconrartcg,52.621
Ninghai,matrix rich ROI,jmccallamch,75.635
Nizhniye Vyazovyye,facilitate dynamic initiatives,dpetrussici,32.631
Podgornaya,reinvent extensible communities,pfidockcj,12.339
Morelos,incentivize interactive schemas,ngossipinck,36.279
Kraljevica,harness 24/365 e-services,abelascocl,42.347
Chahannao,aggregate 24/365 technologies,greadycm,44.385
Merapit,e-enable open-source networks,mclaysoncn,59.342
Yuen Long Kau Hui,innovate open-source web services,amongetco,47.371
Protvino,leverage granular technologies,elanegrancp,56.837
Shimen,mesh best-of-breed e-services,comarcq,60.716
Heret,incubate integrated action-items,rbousteadcr,82.131
Garça,integrate 24/365 mindshare,emoscropcs,80.539
Szubin,scale front-end web-readiness,emothersdalect,32.815
‘Arad,empower e-business web-readiness,jblodgetcu,90.173
Ulashan,evolve dot-com vortals,rfrontczakcv,55.374
Sioux City,engineer bleeding-edge niches,kaddersoncw,16.422
Kampungmasjid,unleash granular niches,jjuancx,64.221
Nakhon Nayok,cultivate virtual applications,bboastcy,59.532
Huanggexi,synthesize viral applications,jyarrellcz,5.042
Gualeguaychú,grow vertical bandwidth,jgusneyd0,11.481
Bangkok,synthesize real-time markets,mbradburnd1,45.11
Orekhovo-Borisovo Severnoye,syndicate turn-key e-markets,gbustardd2,37.223
Listvyanka,strategize real-time e-business,bsprossond3,21.929
Guaporé,architect rich models,bbolzmannd4,17.772
Jiannan,harness strategic functionalities,dleyzelld5,28.68
Ikšķile,utilize end-to-end functionalities,afashiond6,80.248
Khvalynsk,synergize B2B paradigms,mdrawmerd7,44.63
Tulusmulyo,morph value-added initiatives,kbiasottid8,32.683
Mingjing,brand value-added applications,clinningd9,32.985
Tromsø,extend seamless methodologies,dimlochda,57.12
Silao,cultivate distributed bandwidth,svandervliesdb,21.362
Rosmaninhal,incentivize viral convergence,jbeethamdc,92.343
Cajolá,evolve best-of-breed systems,ldellatorredd,22.645
Suphan Buri,harness value-added systems,wfearsde,21.996
Barrī ash Sharqī,incentivize killer e-services,gbiltdf,34.869
Xiongbei,utilize 24/7 schemas,bkenratdg,99.331
Campo Belo,cultivate strategic paradigms,hfindersdh,41.069
Shangcunba,e-enable integrated relationships,rwyerdi,99.36
Aba,extend ubiquitous models,tsteddalldj,51.337
Dongchong,enable global solutions,sverissimodk,98.989
Shushi,transform enterprise networks,twhyedl,92.138
Outokumpu,generate B2B supply-chains,krosseydm,60.468
Kota Kinabalu,matrix back-end bandwidth,cpoppingdn,76.343
Ribafria,recontextualize cutting-edge convergence,ibretteldo,84.564
Zapolyarnyy,exploit collaborative convergence,smoukesdp,32.666
Jambeyan,strategize holistic vortals,tjeffersondq,99.861
Sudoměřice,expedite best-of-breed solutions,aivanindr,64.226
Wawer,visualize dot-com e-markets,tjoyds,49.912
Haibara,monetize viral e-services,rmertschingdt,83.386
Ananea,generate cross-platform niches,gmacgillreichdu,34.969
Villa Florida,productize magnetic users,saspinalldv,4.047
Luena,grow granular experiences,mnewarkdw,39.677
La Troncal,target 24/365 networks,imcelorydx,55.645
Shijiang,facilitate integrated metrics,chaggettdy,28.046
Mahekou,envisioneer intuitive action-items,fmalonedz,99.873
Henghe,engage synergistic content,elimbe0,55.44
San Marcos,reinvent dot-com users,apentercoste1,11.544
Derhachi,engineer efficient relationships,wstuckeye2,70.031
Amparafaravola,productize customized action-items,shampsone3,39.55
Magetlegar,drive proactive e-business,mgorriessene4,80.782
Suvorovo,incentivize back-end applications,lsympsone5,75.523
Cassanayan,seize robust systems,lnardonie6,72.573
Magdalena,disintermediate integrated bandwidth,spappie7,28.224
Topol’noye,grow B2C convergence,rcolvillee8,96.306
Ganlin,deploy extensible models,dbernharte9,34.504
Kudang,expedite B2B supply-chains,wyorathea,5.772
Vancouver,productize global vortals,gdanheleb,22.899
Plesná,engage back-end e-services,larpinoec,36.988
Porirua,engage seamless partnerships,swilbered,56.178
Yeliguan,orchestrate intuitive infrastructures,amackettrickee,84.463
Az̧ Z̧alī‘ah,cultivate e-business web-readiness,ldelacroixef,81.168
Gorzów Wielkopolski,incubate bricks-and-clicks solutions,brunhameg,37.518
Sydney,revolutionize world-class solutions,acaseleh,12.546
Huachos,productize turn-key ROI,cbridgettei,17.016
Klaeng,drive value-added applications,tgudyerej,12.392
Reading,disintermediate one-to-one schemas,mkeepinek,9.35
Warburton,reinvent impactful ROI,dpenderedel,20.883
Gamleby,orchestrate global niches,cmccarverem,36.189
El Copey,integrate ubiquitous interfaces,lgeroldien,59.622
Chaiyaphum,aggregate proactive e-services,wkarpenkoeo,7.334
Chok Chai,cultivate 24/7 communities,ethirkettleep,92.23
Curahpacul Satu,revolutionize next-generation vortals,dtolomeieq,37.655
Ḩātim,embrace cross-platform infomediaries,cpeterffyer,66.612
Zīrakī,grow e-business models,sdowes,2.965
Ubud,brand bleeding-edge channels,wcornillet,7.738
Chengbei,monetize value-added interfaces,ldelieueu,49.813
Oemanu,aggregate granular architectures,alefrankev,93.526
Zhoukou,architect enterprise metrics,adunkleeew,74.819
Saint-Dié-des-Vosges,recontextualize killer partnerships,vgascarex,27.293
Citasuk,deliver global web services,mbuglerey,98.652
Gandajika,implement sexy markets,mwillshireez,73.871
Badagry,iterate scalable schemas,elatchf0,29.456
Ntungamo,incubate clicks-and-mortar architectures,slorensf1,86.489
Suhong,engage dot-com platforms,mloreyf2,41.037
Göteborg,maximize value-added partnerships,dbeezef3,6.882
Sieradza,strategize dot-com e-services,oogradyf4,77.325
Potrerillos,implement sticky web-readiness,kmartyf5,94.963
Kukulu,iterate seamless markets,jalcornf6,93.786
Guarumal,recontextualize transparent e-commerce,tgowardf7,69.258
Rio Preto da Eva,whiteboard value-added metrics,bcasarilif8,83.417
San Francisco,iterate end-to-end schemas,dharronf9,24.703
Rosh Ha‘Ayin,transform visionary bandwidth,gtildesleyfa,46.627
Bojong,incubate user-centric e-markets,lbremnerfb,94.842
Luoqiao,grow cutting-edge schemas,reayresfc,23.487
Liwonde,architect mission-critical technologies,ifriefd,49.749
Punggurharjo,deploy next-generation supply-chains,gguisotfe,28.281
Saint-Denis,optimize compelling ROI,mbattmanff,2.168
Nyandoma,empower viral platforms,dmillinsfg,5.279
Kukawa,seize collaborative mindshare,bfeaseyfh,36.614
Jakhaly,harness cross-media applications,crobertofi,69.64
Rostokino,aggregate magnetic eyeballs,aderksfj,62.89
Ust’-Ulagan,strategize cutting-edge architectures,awynnfk,71.219
San Sebastián,deliver cross-platform interfaces,smattfl,3.397
Datartua,orchestrate cross-platform channels,hbeavonfm,19.104
Sumberkrajan,leverage real-time convergence,ckeayfn,51.699
Yubileynyy,morph dot-com users,atoorfo,48.712
La Laja,seize interactive supply-chains,rcrippenfp,59.109
Wangcheng,exploit visionary initiatives,psturchfq,99.29
Zhaojia,integrate clicks-and-mortar e-commerce,dranyellfr,66.97
Jibiya,leverage intuitive content,omunseyfs,40.773
Cikarang,productize dot-com portals,vadanezft,57.104
Alīābad,architect extensible eyeballs,grudgardfu,6.329
Bakau,facilitate innovative metrics,tduberryfv,47.897
Smolino,enable efficient content,akrishtopaittisfw,55.905
Fuji,integrate revolutionary mindshare,dakersfx,94.238
Menuma,engineer transparent communities,dshanleyfy,91.26
Carregal,synergize granular portals,psalleryfz,22.95
Nyangao,implement enterprise ROI,gbuswellg0,24.613
Vila Verde,evolve holistic action-items,mberrg1,32.022
Eastern Suburbs Mc,transform bleeding-edge e-business,zsharpusg2,77.295
Xinqiao,target scalable markets,aroskrugg3,43.487
Xujiaqiao,enable cutting-edge niches,mcornhillg4,24.084
Ridderkerk,recontextualize clicks-and-mortar networks,dtwiggsg5,9.958
Cambrai,grow 24/365 interfaces,dubsdaleg6,91.844
Dongbian,innovate clicks-and-mortar schemas,agroundwatorg7,63.202
Tata,e-enable clicks-and-mortar eyeballs,wsparshattg8,67.578
Al Mashāf,repurpose out-of-the-box experiences,tspridgeong9,67.58
Mesquite,unleash next-generation infrastructures,askidmorega,50.481
Ḑubāh,grow ubiquitous bandwidth,jburkillgb,97.825
Xilin,implement one-to-one e-tailers,jillemgc,7.061
Simuay,envisioneer leading-edge vortals,hbagstergd,82.047
Dzaoudzi,harness value-added e-tailers,mfretwellge,46.89
Yidao,deliver robust networks,lodalygf,47.852
Gaocheng,incentivize front-end synergies,lklossekgg,79.022
Chinoz,syndicate out-of-the-box e-services,drylandgh,93.087
Sanyantang,cultivate end-to-end vortals,sharfletegi,5.143
Pskov,incentivize front-end bandwidth,wkincaidgj,18.373
Zhagang,expedite global web-readiness,rvedeniktovgk,13.351
Nowy Dwór Gdański,deploy world-class initiatives,freveleygl,55.861
São José,exploit cross-platform e-business,cwarfieldgm,68.365
Huangbei,incentivize cross-platform relationships,tbroxholmegn,75.14
Sumbersari Wetan,iterate plug-and-play e-commerce,gyesgo,99.201
Dos Quebradas,synergize transparent deliverables,rsanhamgp,92.545
Ceres,productize bleeding-edge models,ptomegq,31.943
Babagan,grow interactive platforms,nnorwaygr,55.169
Shalya,visualize leading-edge functionalities,fdodswellgs,13.088
Chengdong,visualize impactful metrics,pbunchergt,27.759
Saint-Étienne,syndicate ubiquitous users,mschulkegu,74.266
Stockholm,unleash customized architectures,sprobertgv,17.413
Magistral’nyy,empower impactful models,fmyrickgw,65.544
Balong,reintermediate one-to-one experiences,tcrickmoorgx,41.242
Iecava,unleash B2B users,mholtongy,16.185
Druzhba,incubate granular architectures,djarmaingz,23.316
Fuzihe,e-enable efficient e-services,jproph0,11.097
Pangalangan,unleash seamless communities,rvearsh1,99.779
Brignoles,recontextualize extensible communities,crevanh2,45.026
Chinch'ŏn,enhance collaborative relationships,gcarolih3,78.422
Ciechanowiec,strategize killer partnerships,wbenaineh4,30.55
Gandajika,leverage virtual relationships,pkamanh5,81.541
Murakami,scale dynamic systems,agrigorushkinh6,18.08
Manggis,innovate value-added infomediaries,dpowtonh7,48.884
El Matama,whiteboard revolutionary applications,borbellh8,33.209
Olszyna,enhance proactive e-business,mmarkushkinh9,85.814
Gandrungmangu,exploit end-to-end web-readiness,ewedmoreha,29.424
Huashan,productize value-added markets,tgillbeehb,52.987
Lamoso,reintermediate dot-com models,asilvestonhc,8.653
Hongch’ŏn,harness mission-critical e-services,kdmitrichenkohd,85.402
Qingyang,enable strategic initiatives,probichonhe,54.46
Belyye Stolby,cultivate revolutionary portals,kwinsiowieckihf,35.942
Plaza de Caisán,embrace granular architectures,jkorbmakerhg,98.394
Jianguang,whiteboard customized partnerships,bgillianhh,86.151
Yichun,target best-of-breed e-business,bautiehi,4.711
Zhangdun,benchmark frictionless applications,nsmewinhj,68.772
Tekstil’shchiki,reinvent efficient infomediaries,jyankeevhk,28.063
Ubaté,syndicate 24/7 synergies,lspeighthl,39.469
Ḩawf,streamline granular experiences,jgoulthorphm,27.048
La Ronge,brand e-business vortals,edebischophn,4.942
Mazamet,synthesize cross-media content,miorizziho,60.984
Kadujajar,scale distributed partnerships,wullockhp,37.283
Ubajami,grow sexy initiatives,lcheeldhq,46.362
Pittsburgh,transition leading-edge networks,nchrismashr,20.031
Hanji,transition plug-and-play experiences,rtennewellhs,55.729
Białośliwie,maximize cutting-edge systems,ogrigorkinht,57.196
Ciomas,disintermediate visionary e-services,gspeddinhu,24.034
Ratoath,facilitate cross-media deliverables,qbookhv,43.322
Datagon,seize rich web services,eloveardhw,40.56
El Obeid,enhance frictionless web-readiness,halderhx,32.389
Compiègne,synthesize wireless partnerships,gcranhamhy,24.255
Santiago De Compostela,expedite dynamic portals,tmiddlewickhz,31.372
Kalaxilike,reintermediate out-of-the-box functionalities,cjezardi0,82.266
Tongjing,innovate viral users,smcdarmidi1,84.049
Benito Juarez,mesh back-end applications,zsemeradi2,11.335
Faro,reinvent robust eyeballs,mminchii3,11.158
Gamleby,extend integrated experiences,lkinsoni4,42.453
Paris 13,expedite sexy schemas,sgreepi5,34.203
Baraguá,enable plug-and-play synergies,tsculpheri6,20.118
Qingdao,repurpose turn-key markets,iluchellii7,89.084
Krajan Sidodadi,iterate scalable interfaces,imunneryi8,27.486
Kondoa,productize killer initiatives,lbradtkei9,50.113
Shangju,generate efficient e-markets,acommuzzoia,44.597
Bremen,iterate virtual markets,jdobbingsib,64.451
Lwengo,scale cross-media schemas,asmallshawic,34.074
Uspenskoye,enhance killer e-tailers,htrenamid,24.743
Javarthushuu,utilize granular vortals,kcaisleyie,1.066
Iwye,cultivate out-of-the-box experiences,mmerveilleif,28.838
Barat,e-enable one-to-one web-readiness,tbaroschig,74.999
Maayong Tubig,incubate customized infomediaries,bhiscocksih,86.844
Lokea,reintermediate granular partnerships,cranklingii,83.344
Palmital,synergize real-time networks,lcollingij,72.168
Chamouny,repurpose strategic supply-chains,tbraunstonik,86.398
Tintina,incubate vertical e-markets,jsimioneil,82.716
Camajuaní,transition holistic models,dandreim,91.674
Yanglinwei,integrate rich communities,msaintsburyin,11.913
Aya,utilize real-time convergence,sstendellio,15.984
Aş Şalw,innovate dynamic applications,kdacostaip,96.665
Tireman Timur,orchestrate transparent users,sakettiq,28.447
Pacarkeling,seize killer paradigms,mlandyir,24.392
Silao,transition seamless solutions,zyegorovis,71.67
Yuewan,empower back-end ROI,colyetit,90.902
Lianglin,maximize front-end models,ascothroniu,90.248
Lianhua,reintermediate distributed supply-chains,ctuxwelliv,25.446
Xiaowuzhan,synergize frictionless markets,nsapsoniw,59.915
Jiujianfang,leverage 24/365 content,ebedenix,58.045
Asopós,orchestrate virtual deliverables,cbenesevichiy,34.66
Tianxing,transform integrated schemas,lliepinaiz,65.198
Sokol,utilize virtual interfaces,cthorleyj0,78.591
Sindangheula,maximize user-centric e-business,starryj1,48.612
Greensboro,exploit e-business paradigms,apechetj2,64.768
Parigi,drive enterprise experiences,fcreswellj3,98.242
Bagok,enable proactive bandwidth,mhartellj4,56.474
Vlorë,architect impactful vortals,cuccelij5,52.873
Wādī al ‘Uyūn,aggregate interactive platforms,cwoolagerj6,16.387
Marechal Cândido Rondon,redefine collaborative users,ngourlayj7,99.932
Thị Trấn Vạn Hà,generate one-to-one platforms,skirsopj8,23.649
Taishan,engage holistic e-markets,gsammondsj9,32.007
Tegalrejo,repurpose dynamic relationships,scroncheyja,99.153
Ambositra,repurpose dynamic partnerships,pcarmojb,12.156
Malaryta,brand efficient e-markets,sfowlsjc,29.218
Meilin,synergize visionary technologies,alawrinsonjd,8.887
Arjona,seize world-class functionalities,plantiffeje,35.628
Goujie,brand out-of-the-box interfaces,clowdyanejf,70.949
Thabazimbi,harness cutting-edge initiatives,elavarackjg,16.74
As Sālimīyah,visualize compelling infrastructures,mmarquezjh,76.718
Ntaur Satu,iterate holistic supply-chains,lscartifieldji,23.981
Yushugou,optimize best-of-breed communities,jcoggonjj,84.909
Halayhay,incentivize collaborative channels,jfetherstonjk,91.363
Ganné Tiqwa,benchmark open-source supply-chains,jfradsonjl,11.129
Kuala Terengganu,empower wireless functionalities,lsamudiojm,42.621
Hněvotín,enhance interactive web services,sthorwarthjn,24.656
Shuikou,leverage 24/7 initiatives,ybroaderjo,23.162
Zhenwen,embrace synergistic channels,rheatonjp,81.133
Khinjān,incentivize 24/365 deliverables,lgerijq,84.744
Pyshchug,utilize virtual e-business,yjeanequinjr,67.137
Nanqiao,architect seamless schemas,wvanjs,59.978
Kurye,embrace world-class e-business,elentonjt,36.779
Xiabuji,aggregate world-class eyeballs,kcheavinju,18.945
Ust’-Kut,recontextualize robust e-business,dgarmstonjv,91.12
Kubang,cultivate intuitive metrics,cgibkejw,93.514
Sedandang,embrace wireless content,omeasorjx,6.568
Houbai,utilize scalable e-markets,vgonoudejy,11.06
Saverne,morph rich deliverables,mmcardjz,72.206
Chamouny,brand interactive portals,ngibbiesonk0,23.269
Kibuku,scale holistic systems,tburtwistlek1,29.764
Nanling,revolutionize viral convergence,hgreenhoughk2,48.71
Kota Kinabalu,productize mission-critical initiatives,wpattingtonk3,93.2
Wuhu,morph global experiences,ericcardk4,29.538
Estrada,engage efficient functionalities,sbilneyk5,60.009
Shangyang,facilitate rich relationships,sabramskik6,54.426
Izborsk,cultivate synergistic interfaces,aglowinskik7,59.969
Belz,deploy robust ROI,aroyank8,27.312
Kampong Chhnang,redefine innovative eyeballs,gpiperk9,48.719
Xihuachi,maximize innovative mindshare,gnuccika,23.491
Jiazhuang,enhance back-end methodologies,cffordekb,83.382
Skien,productize sexy methodologies,esealykc,65.676
Fier-Çifçi,enhance B2B mindshare,hcarlsonkd,12.251
Santa Rita,extend end-to-end content,bburnelke,24.283
Liuji,engage best-of-breed metrics,spetraccikf,82.189
Zambujeira,empower transparent e-services,cheyburnkg,9.493
Tailing,orchestrate end-to-end e-business,fhardwickkh,60.858
Granadero Baigorria,mesh ubiquitous e-services,rstickinski,45.193
Sabanalarga,morph web-enabled web services,mpentlowkj,30.117
Semarapura,enable robust content,ghaironkk,12.995
North Little Rock,grow seamless applications,hdollinkl,31.672
Lille,synthesize clicks-and-mortar action-items,mpessoldkm,3.894
Jianba,mesh world-class e-services,tlowsonkn,91.34
Kloulklubed,revolutionize proactive e-services,gsecrettko,58.978
Guanjiabao,maximize global supply-chains,jdovidiankp,74.056
Sumber Tengah,reintermediate one-to-one deliverables,pdartankq,47.723
Hrvace,unleash back-end ROI,ibaleskr,57.837
Les Cèdres,streamline viral models,crasorks,79.177
Penedo,aggregate real-time portals,drawlynskt,2.893
Aş Şafaqayn,optimize collaborative paradigms,areddku,24.843
Jorochito,envisioneer cross-media deliverables,bcharkhamkv,65.295
Banjar Sandinggianyar,empower customized e-services,tcuttleskw,8.395
Ganjaran,leverage world-class markets,dplastowkx,33.601
Pagsabangan,maximize killer e-markets,jmattisky,85.927
Merdeka,integrate cross-platform architectures,ebrughkz,14.058
Johor Bahru,deploy efficient supply-chains,ddeniskel0,55.349
Tha Ruea,disintermediate robust functionalities,sarrowsmithl1,62.014
Quixadá,utilize wireless architectures,vbenkol2,23.345
Chumikan,strategize world-class metrics,bgoodingsl3,87.555
Suhe,enable turn-key communities,cslydel4,95.226
Bells Corners,target killer relationships,hkinnyl5,69.75
Pechora,incubate 24/7 niches,ghealingsl6,39.252
Apodi,syndicate next-generation bandwidth,dkershawl7,58.044
Albania,enable transparent functionalities,aeckfordl8,67.452
Linköping,strategize impactful e-commerce,bsneppl9,65.308
Houjia,deliver strategic e-services,areolfila,48.311
Sena Madureira,matrix collaborative channels,srubinchiklb,68.141
Benavila,brand integrated interfaces,ksalzenlc,72.566
Japeri,incubate one-to-one eyeballs,cdairtonld,51.894
Emiliano Zapata,iterate integrated methodologies,toilierle,87.405
Montreuil,orchestrate world-class platforms,emcgreillf,63.739
Ludvika,strategize sticky platforms,kyeskovlg,61.675
Sere,extend granular networks,afeckeylh,32.723
Changtang,maximize seamless technologies,rklausenli,97.32
Heicheng,expedite scalable methodologies,kstannardlj,78.114
Wesoła,unleash virtual e-services,nkelllk,41.039
Tbilisskaya,monetize compelling e-business,maudibertll,86.163
Tyler,syndicate holistic schemas,lvantlm,42.155
Fenyan,redefine viral vortals,jgrossmanln,94.494
Apeldoorn,empower collaborative experiences,frikardlo,81.504
Mosteiro,target 24/365 networks,ffootelp,61.352
Cascavel,reinvent efficient metrics,jstockinlq,91.626
Wangchang,monetize integrated supply-chains,nstoatelr,15.405
Maying,e-enable sticky architectures,tgreggorls,30.949
Willemstad,visualize revolutionary paradigms,diacopolt,38.794
Sīnah,streamline sticky networks,eblazilu,16.053
Eira Nova,repurpose intuitive users,alearoydlv,69.387
Macau,cultivate web-enabled e-tailers,aarrighettilw,34.166
Altay,matrix efficient convergence,mcaveelx,89.801
Tūkrah,leverage seamless communities,estanfieldly,40.102
Xiongguan,iterate collaborative web-readiness,dtrevallionlz,7.355
Demerval Lobão,utilize dot-com niches,rinchanm0,26.06
Licheng,revolutionize frictionless partnerships,ewheildonm1,82.848
Mengdadazhuang,transition sexy e-markets,stowlsonm2,19.168
Ntoke,orchestrate world-class convergence,jwhickmanm3,53.793
Lichengdao,scale distributed web-readiness,awillersm4,69.209
Luofang,morph transparent infrastructures,nswiggm5,91.829
Jenamas,facilitate global action-items,idagwellm6,18.951
Jinshanzui,empower out-of-the-box e-services,cgodbertm7,6.845
Bergen,architect sticky interfaces,ldegoem8,9.809
Huolu,generate dot-com technologies,ddegoeym9,95.497
El Paraiso,facilitate 24/365 ROI,nilewiczma,44.344
Suqin Huimin,evolve customized content,tiverymb,28.889
Pampanito,brand sticky experiences,igoreisrmc,42.702
Ribeira Seca,grow front-end infomediaries,devreuxmd,90.446
Fujikawaguchiko,unleash transparent experiences,ppeatme,76.657
Nové Město pod Smrkem,generate transparent markets,cafonsomf,40.877
Papineauville,redefine robust communities,amichalmg,13.947
Skien,strategize sticky communities,dcadoganmh,71.512
Tarnogskiy Gorodok,syndicate best-of-breed infomediaries,lstangroommi,84.038
Komprachcice,strategize innovative networks,tosmonmj,28.684
Real,visualize seamless e-services,nathymk,87.811
Kara Suu,engage cross-media deliverables,bfairlieml,78.383
Veinticinco de Mayo,optimize 24/7 technologies,ehannaymm,19.453
Kusak,unleash granular functionalities,ujephcottmn,73.999
Waishan,deploy 24/7 infomediaries,rhollingsheadmo,60.714
Yamparáez,enhance wireless systems,njurgesmp,65.838
Tanahmerah,monetize efficient models,esingletonmq,78.952
Vales,e-enable seamless e-business,celmhurstmr,10.129
Koźle,innovate collaborative e-commerce,fmasselms,52.7
Divjakë,enable bricks-and-clicks convergence,rtabartmt,16.544
Belverde,maximize back-end web-readiness,bgippsmu,11.698
Bacnor East,disintermediate 24/365 deliverables,yritzmanmv,80.387
Shaft,utilize bleeding-edge web services,ycrossemw,11.346
Fiais da Beira,orchestrate real-time content,vburleighmx,29.935
Tuopu,brand collaborative content,rpigginsmy,32.918
Changpu,productize revolutionary e-business,nfansymz,49.096
Strasbourg,extend next-generation architectures,cdibbsn0,64.476
Kirzhach,strategize interactive communities,mmayberyn1,93.602
Kinel’-Cherkassy,harness cutting-edge communities,lbalaisonn2,93.523
Betong,deploy interactive paradigms,rpenasn3,86.212
Linjiang,syndicate strategic architectures,nbarnettn4,38.871
Vinica,whiteboard web-enabled deliverables,mmcfaydenn5,85.64
Kedungsumurkrajan,grow 24/7 interfaces,abennisn6,54.778
Ramenki,incentivize leading-edge e-markets,eparkinsonn7,6.403
Primorsko-Akhtarsk,leverage value-added platforms,channen8,42.565
Nanjiao,orchestrate leading-edge bandwidth,gmcdonoughn9,80.459
Zhaoxiang,deliver revolutionary schemas,fhuberyna,33.501
Omoku,repurpose real-time architectures,gpurrynb,78.937
Lubango,expedite cutting-edge networks,sandreianc,7.25
Al Madān,envisioneer web-enabled communities,bdrummondnd,72.537
Tanggung,integrate out-of-the-box action-items,nschubertne,42.977
Clermont-Ferrand,embrace one-to-one markets,lcostarnf,63.022
Ojrzeń,orchestrate impactful action-items,cbonallickng,52.099
Barong,unleash strategic channels,sgregsnh,68.314
Lac La Biche,matrix revolutionary convergence,mfranceschni,20.812
Cincinnati,facilitate e-business markets,nfisknj,96.392
Lý Sơn,innovate visionary markets,blepinenk,45.802
Butterworth,engage next-generation e-services,rcadlocknl,31.373
RMI Capitol,embrace one-to-one infomediaries,bthowesnm,79.739
Horvati,brand real-time technologies,sgillilandnn,5.52
Zhuanqiang,integrate world-class e-markets,dvaladezno,73.019
Siyabuswa,benchmark next-generation communities,mburrownp,4.515
Booterstown,innovate web-enabled web-readiness,sdullinghamnq,79.46
Goma,e-enable seamless convergence,epadefieldnr,60.686
Pushkino,envisioneer integrated interfaces,fkewzickns,37.491
Shizuoka-shi,matrix clicks-and-mortar e-business,gmanicombnt,91.193
Kamirenjaku,facilitate wireless vortals,bstroobandnu,15.968
Troparëvo,cultivate seamless communities,tcowtherdnv,67.919
Mustvee,whiteboard dynamic networks,kbowrynw,20.929
Rocky Mountain House,benchmark B2C functionalities,mdaintithnx,98.05
Santa Rosa,empower revolutionary eyeballs,grizzillony,71.844
Yizhang Chengguanzhen,incubate rich users,amcpharlainnz,4.192
Tanza,synthesize seamless bandwidth,cplotto0,92.634
Sang-e Māshah,e-enable extensible e-services,nchampo1,35.811
Cabadiangan,brand B2C e-markets,tbuxsyo2,99.906
Sundre,engineer customized eyeballs,plantapho3,58.899
Jequié,harness intuitive users,mdilliwayo4,4.809
Cigintung,recontextualize enterprise e-markets,dcarlenso5,64.031
Chelles,recontextualize impactful applications,hnuttallo6,76.551
Lankaran,matrix collaborative schemas,ltresiseo7,43.116
Huangji,envisioneer intuitive methodologies,jscapelhorno8,27.146
Pointe-à-Pitre,empower killer web-readiness,hmedwello9,93.869
Pindorama,enable ubiquitous schemas,bdroganoa,37.878
Marcabamba,grow robust interfaces,frubenob,97.345
Dana,generate efficient e-markets,cmaccaulloc,42.967
Mirzāpur,extend synergistic paradigms,ireadshallod,83.687
Binuangeun,unleash 24/365 eyeballs,iparadesoe,89.274
Beijiang,orchestrate distributed solutions,jbeneyof,72.695
Jiangxiangzhen,whiteboard impactful communities,amushartog,38.022
Limanowa,seize seamless systems,ljackmanoh,8.541
Casa Branca,implement distributed markets,ctingcomboi,11.639
Panalingaan,incubate rich eyeballs,pclossoj,37.103
Anna Regina,utilize robust relationships,rbolinook,30.395
Biharamulo,transition visionary e-commerce,aharteganol,21.782
Staryy Sambor,evolve extensible web-readiness,dgeorgiadesom,10.681
Haolin,aggregate innovative e-tailers,cadamthwaiteon,19.764
El Sombrero,evolve world-class eyeballs,lwellsteadoo,49.561
Sopo,enhance granular deliverables,lkubuop,21.196
Galleh Manda,innovate vertical supply-chains,grobertellioq,97.916
Neundeut,incubate ubiquitous applications,pmcdellor,69.579
Colonia Aurora,morph dot-com platforms,rsinnockeos,12.613
Yingdianjie,seize 24/7 bandwidth,ccordeauot,74.136
Göteborg,monetize distributed experiences,fjorgensenou,99.266
Nuamuzi,target best-of-breed e-markets,agarnov,20.22
Cristalina,mesh plug-and-play portals,mpalkeow,88.594
Borås,deliver impactful ROI,tmingassonox,40.509
Piketberg,mesh out-of-the-box paradigms,hgealoy,14.851
Krajan Dua Patempuran,e-enable seamless systems,gyanyshevoz,47.942
Zmiennica,brand wireless channels,djadosp0,60.648
Baqiu,drive next-generation e-markets,cvigarp1,93.271
Surkhakhi,grow open-source infomediaries,bbristop2,99.386
Fort Worth,redefine interactive methodologies,byakovlp3,16.097
Maputsoe,transform efficient channels,eghidottip4,77.641
Göteborg,incentivize granular e-tailers,stebbittp5,76.237
Mwinilunga,engage impactful e-markets,agausonp6,96.828
Praia de Mira,e-enable mission-critical channels,astadenp7,5.272
Gantang,whiteboard world-class deliverables,lslymep8,57.864
Jibiya,visualize best-of-breed convergence,cbortolozzip9,3.677
Shanglu,facilitate proactive methodologies,tshortepa,50.046
Kamieniec,visualize visionary convergence,candryuninpb,93.152
Al Midyah,optimize turn-key e-commerce,rsandwichpc,51.982
Atlasovo,transition killer initiatives,bgarritpd,76.421
Figueiró dos Vinhos,unleash seamless partnerships,oeasterbype,42.777
Cantagallo,reintermediate scalable infomediaries,carnopf,62.488
Mayhan,recontextualize proactive interfaces,cfortinpg,53.243
Itaberaba,productize frictionless experiences,rclealph,59.016
Montevista,redefine holistic deliverables,mtumapi,99.954
Boden,streamline revolutionary supply-chains,jdollepj,87.111
Lyski,matrix front-end initiatives,vrushmarepk,26.294
Jönköping,matrix world-class channels,bsouthwellpl,65.55
Hikari,redefine killer markets,lbastickpm,8.464
Itapuí,transition viral e-commerce,gpottagepn,65.299
Göteborg,strategize intuitive ROI,mferraronepo,74.593
Shizukuishi,embrace integrated web-readiness,ddeliaspp,63.817
Petaling Jaya,utilize seamless infomediaries,cewingspq,78.09
Cariaco,implement collaborative eyeballs,rferierpr,89.044
Tugu,exploit cross-media e-business,cwitherupps,65.231
Mirandopólis,transform 24/365 functionalities,hdeshortspt,7.765
Coyah,leverage B2C relationships,estilwellpu,53.428
Laprida,morph distributed interfaces,mgrimsditchpv,23.577
Křenovice,embrace distributed schemas,rdrinkalepw,61.581
Uluale,evolve synergistic e-services,jlilionpx,85.909
Sarband,enable 24/7 applications,osergeantpy,6.189
Gualaceo,synthesize bricks-and-clicks models,lallittpz,15.433
Donnybrook,embrace distributed solutions,rgibbensq0,67.414
Jiaodai,integrate back-end e-commerce,ucrabq1,80.042
Mabugang,transition turn-key applications,sdevoq2,36.595
Independencia,visualize transparent initiatives,mshiptonq3,12.638
Sambongpari,revolutionize granular experiences,ddemanueleq4,35.803
Lugovoy,synthesize value-added convergence,dhaycockq5,21.179
Stony Plain,facilitate open-source communities,aweekesq6,77.523
Gandajika,grow revolutionary deliverables,mklosserq7,35.994
Koesan,streamline sexy web-readiness,sfairhamq8,18.911
Novyy Karachay,enhance compelling e-services,agabbottq9,15.431
Zhendong,leverage turn-key schemas,mvassayqa,59.347
Debesy,implement innovative interfaces,jhurdmanqb,24.158
Arthur’s Town,aggregate sexy channels,psuddardsqc,52.239
Matou,monetize bleeding-edge vortals,dlandsboroughqd,57.648
Dorotea,redefine efficient vortals,rbouetteqe,16.167
Huangwan,redefine B2C experiences,fballayqf,7.175
Oporapa,transition collaborative infrastructures,sbougheyqg,19.713
Bajiazi,recontextualize collaborative supply-chains,cnormanvilleqh,26.622
Nueva Guinea,e-enable strategic e-commerce,gshakeladeqi,99.638
Tilcara,incubate scalable vortals,taskeyqj,10.605
Dihtyari,mesh cross-media deliverables,kjaegarqk,50.183
Handaqi,strategize vertical methodologies,tjohansenql,34.85
Buy,visualize real-time mindshare,kphillisqm,51.932
Hongyang,unleash wireless channels,modamqn,6.48
Ubinskoye,incubate dot-com eyeballs,kdakhovqo,76.396
Şabāḩ as Sālim,monetize enterprise synergies,nbarnetqp,61.48
Grebenskaya,scale granular niches,cwoodfieldqq,83.234
Tochio-honchō,embrace intuitive e-tailers,pperfordqr,30.805
Nyima,target holistic e-tailers,crowbothamqs,68.387
Jiangkou,unleash killer bandwidth,galbonqt,20.598
Rungis,architect back-end partnerships,lmortonqu,13.621
Torrijos,cultivate cross-platform e-markets,aopieqv,52.199
Kinzan,whiteboard B2C users,aalvisqw,73.47
København,engage clicks-and-mortar platforms,sbarthodqx,45.141
Lautaro,incentivize interactive models,kslimonqy,23.165
Dukuhpicung,grow 24/7 channels,mjeeksqz,79.79
Kolonnawa,grow open-source initiatives,bmatusevichr0,49.525
Mambalan,innovate next-generation communities,bhaggethr1,30.432
Darkton,seize integrated eyeballs,kgilderoyr2,75.611
Bronnitsy,incubate cross-media architectures,mborelr3,99.881
Vila Ribeiro,whiteboard cross-media supply-chains,sroubayr4,25.717
Strasbourg,embrace bricks-and-clicks relationships,cmccullouchr5,12.888
Cergy-Pontoise,iterate e-business architectures,ltrenamanr6,21.397
Vilar,grow world-class methodologies,cnoorr7,6.72
Kamienna Góra,maximize customized web-readiness,chassonr8,73.4
Toledo,engineer transparent infrastructures,vlindstromr9,58.883
Sydney,transition B2B portals,mstruttra,40.952
Mocho,maximize strategic schemas,sberryannrb,22.613
El Nido,enhance sexy convergence,fbingellrc,48.989
Shanglian,iterate end-to-end initiatives,mnaceyrd,58.142
Melekyne,streamline 24/7 supply-chains,fbristerre,51.331
Ryki,embrace real-time e-commerce,udimnagerf,97.74
Vishnyakovskiye Dachi,reinvent global e-tailers,eveschirg,83.836
Changleng,deliver virtual experiences,ssivessrh,18.003
Karangtawar,strategize world-class synergies,ghazemanri,61.256
Tarusa,incentivize holistic web services,jbellasrj,91.572
Maniowy,matrix ubiquitous ROI,kconklinrk,89.104
Pajannangger,scale B2C web services,jgarnsworthyrl,79.869
Aguilar,reintermediate best-of-breed systems,arudwellrm,33.69
Aguilares,incentivize integrated communities,cholmesrn,33.654
Portela,incentivize holistic platforms,tbyramro,32.696
Lavaur,optimize transparent experiences,cdethloffrp,44.628
Peremyshl’,evolve magnetic infrastructures,lmartinyukrq,80.069
Paôy Pêt,facilitate rich supply-chains,nstrottonrr,16.973
